File,ImageWidth,ImageHeight,VisualRouteGroup,ReviewStatus
Screenshot 2026-09-27 084128.png,487,298,Planning/VAT question,CONTACT_SHEET_REVIEW_ONLY
Screenshot 2026-09-27 090710.png,1917,1027,UNCLASSIFIED,NOT_REVIEWED
Screenshot 2026-09-27 090722.png,1917,1021,UNCLASSIFIED,NOT_REVIEWED
Screenshot 2026-09-27 095256.png,480,636,UNCLASSIFIED,NOT_REVIEWED
Screenshot 2026-09-27 095306.png,475,643,UNCLASSIFIED,NOT_REVIEWED
Screenshot 2026-09-27 095321.png,471,831,UNCLASSIFIED,NOT_REVIEWED
Screenshot 2026-09-27 095331.png,462,812,UNCLASSIFIED,NOT_REVIEWED
Screenshot 2026-09-27 114453.png,480,832,UNCLASSIFIED,NOT_REVIEWED
Screenshot 2026-09-27 114505.png,480,847,UNCLASSIFIED,NOT_REVIEWED
Screenshot 2026-09-27 114519.png,465,832,UNCLASSIFIED,NOT_REVIEWED
Screenshot 2026-09-27 114532.png,475,852,UNCLASSIFIED,NOT_REVIEWED
Screenshot 2026-09-27 114557.png,482,832,UNCLASSIFIED,NOT_REVIEWED
Screenshot 2026-09-27 114611.png,482,640,UNCLASSIFIED,NOT_REVIEWED
Screenshot 2026-09-27 114629.png,481,638,/pos,CONTACT_SHEET_REVIEW_ONLY
Screenshot 2026-09-27 114649.png,490,641,UNCLASSIFIED,NOT_REVIEWED
Screenshot 2026-09-27 114714.png,1917,972,UNCLASSIFIED,NOT_REVIEWED
Screenshot 2026-09-27 114720.png,1917,976,UNCLASSIFIED,NOT_REVIEWED
Screenshot 2026-09-27 121408.png,1917,970,UNCLASSIFIED,NOT_REVIEWED
Screenshot 2026-09-27 124157.png,1917,971,UNCLASSIFIED,NOT_REVIEWED
Screenshot 2026-09-27 131255.png,1917,1026,UNCLASSIFIED,NOT_REVIEWED
Screenshot 2026-09-27 131310.png,1917,975,UNCLASSIFIED,NOT_REVIEWED
Screenshot 2026-09-27 135122.png,1917,1023,UNCLASSIFIED,NOT_REVIEWED
Screenshot 2026-09-27 135138.png,1917,1017,UNCLASSIFIED,NOT_REVIEWED
Screenshot 2026-09-27 135157.png,942,793,UNCLASSIFIED,NOT_REVIEWED
Screenshot 2026-09-27 135210.png,1095,807,UNCLASSIFIED,NOT_REVIEWED
Screenshot 2026-09-27 135222.png,752,958,UNCLASSIFIED,NOT_REVIEWED
Screenshot 2026-09-27 140650.png,1917,1022,/login,CONTACT_SHEET_REVIEW_ONLY
Screenshot 2026-09-27 144037.png,1917,1030,UNCLASSIFIED,NOT_REVIEWED
Screenshot 2026-09-27 144048.png,1917,1027,UNCLASSIFIED,NOT_REVIEWED
Screenshot 2026-09-27 211002.png,1917,975,UNCLASSIFIED,NOT_REVIEWED
Screenshot 2026-09-27 211031.png,1917,1012,UNCLASSIFIED,NOT_REVIEWED
Screenshot 2026-09-27 211054.png,342,990,UNCLASSIFIED,NOT_REVIEWED
Screenshot 2026-09-27 211100.png,1917,971,UNCLASSIFIED,NOT_REVIEWED
Screenshot 2026-09-27 211139.png,1917,978,UNCLASSIFIED,NOT_REVIEWED
Screenshot 2026-09-27 213107.png,1917,1032,UNCLASSIFIED,NOT_REVIEWED
Screenshot 2026-09-27 214150.png,1917,1025,UNCLASSIFIED,NOT_REVIEWED
Screenshot 2026-09-27 214205.png,1917,1016,UNCLASSIFIED,NOT_REVIEWED
Screenshot 2026-09-27 214213.png,1917,976,UNCLASSIFIED,NOT_REVIEWED
Screenshot 2026-09-27 214223.png,1917,1038,UNCLASSIFIED,NOT_REVIEWED
Screenshot 2026-09-27 214232.png,567,773,/suppliers create,CONTACT_SHEET_REVIEW_ONLY
Screenshot 2026-09-27 214247.png,1917,992,UNCLASSIFIED,NOT_REVIEWED
Screenshot 2026-09-27 214554.png,1917,972,UNCLASSIFIED,NOT_REVIEWED
Screenshot 2026-09-27 214607.png,1917,1025,UNCLASSIFIED,NOT_REVIEWED
Screenshot 2026-09-27 214710.png,1917,1027,UNCLASSIFIED,NOT_REVIEWED
Screenshot 2026-09-27 215201.png,1917,1028,UNCLASSIFIED,NOT_REVIEWED
Screenshot 2026-09-27 215229.png,1917,1027,UNCLASSIFIED,NOT_REVIEWED
Screenshot 2026-09-27 215336.png,1917,1026,UNCLASSIFIED,NOT_REVIEWED
Screenshot 2026-09-27 215437.png,1907,1020,UNCLASSIFIED,NOT_REVIEWED
Screenshot 2026-09-27 215449.png,1917,973,UNCLASSIFIED,NOT_REVIEWED
Screenshot 2026-09-27 215901.png,1917,977,UNCLASSIFIED,NOT_REVIEWED
Screenshot 2026-09-27 220026.png,1917,1018,UNCLASSIFIED,NOT_REVIEWED
Screenshot 2026-10-03 082002.png,337,197,UNCLASSIFIED,NOT_REVIEWED
Screenshot 2026-10-03 090427.png,1852,1021,Planning/source editor,CONTACT_SHEET_REVIEW_ONLY
Screenshot 2026-10-03 131232.png,557,783,UNCLASSIFIED,NOT_REVIEWED
Screenshot 2026-10-03 163729.png,1860,927,UNCLASSIFIED,NOT_REVIEWED
Screenshot 2026-10-03 163955.png,871,867,UNCLASSIFIED,NOT_REVIEWED
Screenshot 2026-10-03 225447.png,947,220,UNCLASSIFIED,NOT_REVIEWED
Screenshot 2026-10-04 070055.png,886,1078,UNCLASSIFIED,NOT_REVIEWED
Screenshot 2026-10-04 070448.png,1871,320,UNCLASSIFIED,NOT_REVIEWED
Screenshot 2026-10-04 070816.png,1283,268,UNCLASSIFIED,NOT_REVIEWED
Screenshot 2026-10-04 070835.png,553,790,UNCLASSIFIED,NOT_REVIEWED
Screenshot 2026-10-04 092252.png,1917,515,UNCLASSIFIED,NOT_REVIEWED
Screenshot 2026-10-04 100640.png,762,473,UNCLASSIFIED,NOT_REVIEWED
Screenshot 2026-10-04 115216.png,592,1060,UNCLASSIFIED,NOT_REVIEWED
Screenshot 2026-10-04 121252.png,1132,952,UNCLASSIFIED,NOT_REVIEWED
Screenshot 2026-10-04 141054.png,1140,632,Client document folder (not ERP UI),CONTACT_SHEET_REVIEW_ONLY
Screenshot 2026-10-04 161239.png,392,852,UNCLASSIFIED,NOT_REVIEWED
Screenshot 2026-10-04 161244.png,397,851,UNCLASSIFIED,NOT_REVIEWED
Screenshot 2026-10-04 161256.png,395,858,UNCLASSIFIED,NOT_REVIEWED
Screenshot 2026-10-04 161301.png,392,850,UNCLASSIFIED,NOT_REVIEWED
Screenshot 2026-10-04 161310.png,395,852,UNCLASSIFIED,NOT_REVIEWED
Screenshot 2026-10-04 161319.png,391,848,UNCLASSIFIED,NOT_REVIEWED
Screenshot 2026-10-04 161324.png,387,855,UNCLASSIFIED,NOT_REVIEWED
Screenshot 2026-10-04 161329.png,396,851,UNCLASSIFIED,NOT_REVIEWED
Screenshot 2026-10-04 161335.png,390,853,UNCLASSIFIED,NOT_REVIEWED
Screenshot 2026-10-04 161343.png,397,847,UNCLASSIFIED,NOT_REVIEWED
Screenshot 2026-10-04 161406.png,598,843,UNCLASSIFIED,NOT_REVIEWED
Screenshot 2026-10-04 161424.png,397,853,UNCLASSIFIED,NOT_REVIEWED
Screenshot 2026-10-04 161433.png,385,860,/billing-history invoice preview,CONTACT_SHEET_REVIEW_ONLY
Screenshot 2026-10-04 161444.png,391,852,UNCLASSIFIED,NOT_REVIEWED
Screenshot 2026-10-04 161455.png,398,852,UNCLASSIFIED,NOT_REVIEWED
Screenshot 2026-10-04 161502.png,393,846,UNCLASSIFIED,NOT_REVIEWED
Screenshot 2026-10-04 161511.png,400,853,UNCLASSIFIED,NOT_REVIEWED
Screenshot 2026-10-04 161520.png,398,858,UNCLASSIFIED,NOT_REVIEWED
Screenshot 2026-10-04 161528.png,390,855,UNCLASSIFIED,NOT_REVIEWED
Screenshot 2026-10-04 161537.png,392,851,UNCLASSIFIED,NOT_REVIEWED
Screenshot 2026-10-04 161544.png,398,855,UNCLASSIFIED,NOT_REVIEWED
Screenshot 2026-10-04 161552.png,392,848,UNCLASSIFIED,NOT_REVIEWED
Screenshot 2026-10-04 161619.png,397,848,UNCLASSIFIED,NOT_REVIEWED
Screenshot 2026-10-04 161626.png,387,851,UNCLASSIFIED,NOT_REVIEWED
Screenshot 2026-10-04 161633.png,397,857,UNCLASSIFIED,NOT_REVIEWED
Screenshot 2026-10-04 161641.png,387,851,/expenses,CONTACT_SHEET_REVIEW_ONLY
Screenshot 2026-10-04 161651.png,395,852,UNCLASSIFIED,NOT_REVIEWED
Screenshot 2026-10-04 161657.png,401,861,UNCLASSIFIED,NOT_REVIEWED
Screenshot 2026-10-04 161712.png,390,851,UNCLASSIFIED,NOT_REVIEWED
Screenshot 2026-10-04 161718.png,390,852,UNCLASSIFIED,NOT_REVIEWED
Screenshot 2026-10-04 161728.png,386,847,UNCLASSIFIED,NOT_REVIEWED
Screenshot 2026-10-04 161754.png,396,852,UNCLASSIFIED,NOT_REVIEWED
Screenshot 2026-10-04 161800.png,393,850,UNCLASSIFIED,NOT_REVIEWED
Screenshot 2026-10-04 161805.png,395,857,UNCLASSIFIED,NOT_REVIEWED
Screenshot 2026-10-04 161812.png,406,852,UNCLASSIFIED,NOT_REVIEWED
Screenshot 2026-10-04 161818.png,393,856,UNCLASSIFIED,NOT_REVIEWED
Screenshot 2026-10-04 161825.png,390,855,UNCLASSIFIED,NOT_REVIEWED
Screenshot 2026-10-04 161831.png,390,855,UNCLASSIFIED,NOT_REVIEWED
Screenshot 2026-10-04 161837.png,393,853,/products import modal,CONTACT_SHEET_REVIEW_ONLY
Screenshot 2026-10-04 161843.png,400,851,UNCLASSIFIED,NOT_REVIEWED
Screenshot 2026-10-04 161849.png,391,861,UNCLASSIFIED,NOT_REVIEWED
Screenshot 2026-10-04 161856.png,397,852,UNCLASSIFIED,NOT_REVIEWED
Screenshot 2026-10-04 161904.png,392,846,UNCLASSIFIED,NOT_REVIEWED
Screenshot 2026-10-04 161914.png,398,862,UNCLASSIFIED,NOT_REVIEWED
Screenshot 2026-10-04 161920.png,398,858,UNCLASSIFIED,NOT_REVIEWED
Screenshot 2026-10-04 161934.png,400,858,UNCLASSIFIED,NOT_REVIEWED
Screenshot 2026-10-04 161942.png,392,852,UNCLASSIFIED,NOT_REVIEWED
Screenshot 2026-10-04 161947.png,391,847,UNCLASSIFIED,NOT_REVIEWED
Screenshot 2026-10-04 161953.png,392,857,UNCLASSIFIED,NOT_REVIEWED
Screenshot 2026-10-04 162006.png,387,852,UNCLASSIFIED,NOT_REVIEWED
Screenshot 2026-10-04 162011.png,386,858,UNCLASSIFIED,NOT_REVIEWED
Screenshot 2026-10-04 162043.png,395,865,/suppliers,CONTACT_SHEET_REVIEW_ONLY
Screenshot 2026-10-04 162053.png,387,852,UNCLASSIFIED,NOT_REVIEWED
Screenshot 2026-10-04 162058.png,392,855,UNCLASSIFIED,NOT_REVIEWED
Screenshot 2026-10-04 162107.png,393,852,UNCLASSIFIED,NOT_REVIEWED
Screenshot 2026-10-04 162112.png,400,853,UNCLASSIFIED,NOT_REVIEWED
Screenshot 2026-10-04 162117.png,391,861,UNCLASSIFIED,NOT_REVIEWED
Screenshot 2026-10-04 162123.png,397,857,UNCLASSIFIED,NOT_REVIEWED
Screenshot 2026-10-04 162128.png,395,852,UNCLASSIFIED,NOT_REVIEWED
Screenshot 2026-10-04 162137.png,396,850,UNCLASSIFIED,NOT_REVIEWED
Screenshot 2026-10-04 162143.png,392,856,UNCLASSIFIED,NOT_REVIEWED
Screenshot 2026-10-04 162152.png,397,860,UNCLASSIFIED,NOT_REVIEWED
Screenshot 2026-10-04 162200.png,397,852,UNCLASSIFIED,NOT_REVIEWED
Screenshot 2026-10-04 162212.png,388,842,UNCLASSIFIED,NOT_REVIEWED
Screenshot 2026-10-04 162218.png,400,847,/quotations/new,CONTACT_SHEET_REVIEW_ONLY
Screenshot 2026-10-04 162223.png,390,856,UNCLASSIFIED,NOT_REVIEWED
Screenshot 2026-10-04 162232.png,397,853,UNCLASSIFIED,NOT_REVIEWED
Screenshot 2026-10-04 162245.png,391,858,UNCLASSIFIED,NOT_REVIEWED
Screenshot 2026-10-04 162256.png,393,850,UNCLASSIFIED,NOT_REVIEWED
Screenshot 2026-10-04 162302.png,397,852,UNCLASSIFIED,NOT_REVIEWED
Screenshot 2026-10-04 162307.png,392,862,UNCLASSIFIED,NOT_REVIEWED
Screenshot 2026-10-04 162314.png,395,857,UNCLASSIFIED,NOT_REVIEWED
Screenshot 2026-10-04 162334.png,387,850,UNCLASSIFIED,NOT_REVIEWED
Screenshot 2026-10-04 162342.png,401,852,UNCLASSIFIED,NOT_REVIEWED
Screenshot 2026-10-04 162347.png,393,853,UNCLASSIFIED,NOT_REVIEWED
Screenshot 2026-10-04 162400.png,378,832,UNCLASSIFIED,NOT_REVIEWED
Screenshot 2026-10-04 162407.png,390,857,UNCLASSIFIED,NOT_REVIEWED
Screenshot 2026-10-04 162500.png,390,847,/reports,CONTACT_SHEET_REVIEW_ONLY
Screenshot 2026-10-04 162506.png,387,850,UNCLASSIFIED,NOT_REVIEWED
Screenshot 2026-10-04 162519.png,390,832,UNCLASSIFIED,NOT_REVIEWED
Screenshot 2026-10-04 162604.png,380,812,UNCLASSIFIED,NOT_REVIEWED
Screenshot 2026-10-04 162610.png,386,850,UNCLASSIFIED,NOT_REVIEWED
Screenshot 2026-10-04 162627.png,390,842,UNCLASSIFIED,NOT_REVIEWED
Screenshot 2026-10-04 162636.png,402,857,UNCLASSIFIED,NOT_REVIEWED
Screenshot 2026-10-04 162647.png,392,855,UNCLASSIFIED,NOT_REVIEWED
Screenshot 2026-10-04 162657.png,395,861,UNCLASSIFIED,NOT_REVIEWED
Screenshot 2026-10-04 162731.png,390,847,UNCLASSIFIED,NOT_REVIEWED
Screenshot 2026-10-04 162751.png,395,851,UNCLASSIFIED,NOT_REVIEWED
Screenshot 2026-10-04 162841.png,388,846,UNCLASSIFIED,NOT_REVIEWED
Screenshot 2026-10-04 162857.png,402,852,UNCLASSIFIED,NOT_REVIEWED
Screenshot 2026-10-04 162933.png,387,856,/vat-return,CONTACT_SHEET_REVIEW_ONLY
Screenshot 2026-10-04 162941.png,391,845,UNCLASSIFIED,NOT_REVIEWED
Screenshot 2026-10-04 163103.png,391,860,UNCLASSIFIED,NOT_REVIEWED
Screenshot 2026-10-04 163115.png,397,857,UNCLASSIFIED,NOT_REVIEWED
Screenshot 2026-10-04 163126.png,402,852,UNCLASSIFIED,NOT_REVIEWED
Screenshot 2026-10-04 163206.png,392,852,UNCLASSIFIED,NOT_REVIEWED
Screenshot 2026-10-04 163216.png,397,851,UNCLASSIFIED,NOT_REVIEWED
Screenshot 2026-10-04 163224.png,392,852,UNCLASSIFIED,NOT_REVIEWED
Screenshot 2026-10-04 163230.png,372,817,UNCLASSIFIED,NOT_REVIEWED
Screenshot 2026-10-04 163250.png,385,847,UNCLASSIFIED,NOT_REVIEWED
Screenshot 2026-10-04 163256.png,397,852,UNCLASSIFIED,NOT_REVIEWED
Screenshot 2026-10-04 163313.png,397,852,UNCLASSIFIED,NOT_REVIEWED
Screenshot 2026-10-04 163322.png,395,852,UNCLASSIFIED,NOT_REVIEWED
Screenshot 2026-10-04 163344.png,385,835,/purchases,CONTACT_SHEET_REVIEW_ONLY
Screenshot 2026-10-04 163351.png,391,866,UNCLASSIFIED,NOT_REVIEWED
Screenshot 2026-10-04 163408.png,391,845,UNCLASSIFIED,NOT_REVIEWED
Screenshot 2026-10-04 163418.png,385,842,UNCLASSIFIED,NOT_REVIEWED
Screenshot 2026-10-04 163458.png,392,853,UNCLASSIFIED,NOT_REVIEWED
Screenshot 2026-10-04 163504.png,390,853,UNCLASSIFIED,NOT_REVIEWED
Screenshot 2026-10-04 163509.png,395,855,UNCLASSIFIED,NOT_REVIEWED
Screenshot 2026-10-04 204142.png,400,843,UNCLASSIFIED,NOT_REVIEWED
Screenshot 2026-10-04 204153.png,395,850,UNCLASSIFIED,NOT_REVIEWED
Screenshot 2026-10-04 204159.png,396,860,UNCLASSIFIED,NOT_REVIEWED
Screenshot 2026-10-04 204205.png,396,850,UNCLASSIFIED,NOT_REVIEWED
Screenshot 2026-10-04 204215.png,395,853,UNCLASSIFIED,NOT_REVIEWED
Screenshot 2026-10-04 204223.png,400,860,UNCLASSIFIED,NOT_REVIEWED
Screenshot 2026-10-04 204238.png,465,856,/audit,CONTACT_SHEET_REVIEW_ONLY
Screenshot 2026-10-04 204244.png,505,862,UNCLASSIFIED,NOT_REVIEWED
Screenshot 2026-10-04 204249.png,462,855,UNCLASSIFIED,NOT_REVIEWED
Screenshot 2026-10-04 204259.png,395,847,UNCLASSIFIED,NOT_REVIEWED
Screenshot 2026-10-04 204316.png,392,851,UNCLASSIFIED,NOT_REVIEWED
Screenshot 2026-10-04 204321.png,401,852,UNCLASSIFIED,NOT_REVIEWED
Screenshot 2026-10-04 204327.png,391,853,UNCLASSIFIED,NOT_REVIEWED
Screenshot 2026-10-04 204332.png,403,865,UNCLASSIFIED,NOT_REVIEWED
Screenshot 2026-10-04 204338.png,397,857,UNCLASSIFIED,NOT_REVIEWED
Screenshot 2026-10-04 204411.png,1917,967,UNCLASSIFIED,NOT_REVIEWED
Screenshot 2026-10-04 204423.png,1917,1022,UNCLASSIFIED,NOT_REVIEWED
Screenshot 2026-10-04 204430.png,1917,967,UNCLASSIFIED,NOT_REVIEWED
Screenshot 2026-10-04 204455.png,1917,975,UNCLASSIFIED,NOT_REVIEWED
Screenshot 2026-10-04 204500.png,956,977,/dashboard,CONTACT_SHEET_REVIEW_ONLY
Screenshot 2026-10-04 204506.png,538,992,UNCLASSIFIED,NOT_REVIEWED
Screenshot 2026-10-04 204510.png,1917,972,UNCLASSIFIED,NOT_REVIEWED
Screenshot 2026-10-04 204517.png,1917,970,UNCLASSIFIED,NOT_REVIEWED
Screenshot 2026-10-04 204632.png,1917,972,UNCLASSIFIED,NOT_REVIEWED
Screenshot 2026-10-04 204637.png,1917,972,UNCLASSIFIED,NOT_REVIEWED
Screenshot 2026-10-04 204648.png,1917,963,UNCLASSIFIED,NOT_REVIEWED
Screenshot 2026-10-04 204658.png,1917,1023,UNCLASSIFIED,NOT_REVIEWED
Screenshot 2026-10-04 204708.png,1916,1026,UNCLASSIFIED,NOT_REVIEWED
Screenshot 2026-10-04 204718.png,1917,1027,UNCLASSIFIED,NOT_REVIEWED
Screenshot 2026-10-04 204725.png,1917,968,UNCLASSIFIED,NOT_REVIEWED
Screenshot 2026-10-04 204733.png,1917,1017,UNCLASSIFIED,NOT_REVIEWED
Screenshot 2026-10-04 204739.png,1917,1017,UNCLASSIFIED,NOT_REVIEWED
Screenshot 2026-10-04 204744.png,1917,1022,/suppliers edit modal,CONTACT_SHEET_REVIEW_ONLY
Screenshot 2026-10-04 204752.png,1912,975,UNCLASSIFIED,NOT_REVIEWED
Screenshot 2026-10-04 204805.png,1917,1027,UNCLASSIFIED,NOT_REVIEWED
Screenshot 2026-10-04 204813.png,1917,1027,UNCLASSIFIED,NOT_REVIEWED
Screenshot 2026-10-04 204819.png,1917,1023,UNCLASSIFIED,NOT_REVIEWED
Screenshot 2026-10-04 204824.png,1917,1022,UNCLASSIFIED,NOT_REVIEWED
Screenshot 2026-10-04 204828.png,1917,1022,UNCLASSIFIED,NOT_REVIEWED
Screenshot 2026-10-04 204833.png,1917,1026,UNCLASSIFIED,NOT_REVIEWED
Screenshot 2026-10-04 204838.png,1917,1025,UNCLASSIFIED,NOT_REVIEWED
Screenshot 2026-10-04 204844.png,1917,1027,UNCLASSIFIED,NOT_REVIEWED
Screenshot 2026-10-04 204849.png,1912,1018,UNCLASSIFIED,NOT_REVIEWED
Screenshot 2026-10-04 204854.png,1912,1028,UNCLASSIFIED,NOT_REVIEWED
Screenshot 2026-10-04 204902.png,1911,1027,UNCLASSIFIED,NOT_REVIEWED
Screenshot 2026-10-04 204917.png,1917,1037,/routes/:id,CONTACT_SHEET_REVIEW_ONLY
Screenshot 2026-10-04 204925.png,1917,1022,UNCLASSIFIED,NOT_REVIEWED
Screenshot 2026-10-04 204934.png,1913,1026,UNCLASSIFIED,NOT_REVIEWED
Screenshot 2026-10-04 204939.png,1917,1025,UNCLASSIFIED,NOT_REVIEWED
Screenshot 2026-10-04 204946.png,1917,1027,UNCLASSIFIED,NOT_REVIEWED
Screenshot 2026-10-04 204954.png,1917,1020,UNCLASSIFIED,NOT_REVIEWED
Screenshot 2026-10-04 205000.png,1902,1023,UNCLASSIFIED,NOT_REVIEWED
Screenshot 2026-10-04 205007.png,1917,1030,UNCLASSIFIED,NOT_REVIEWED
Screenshot 2026-10-04 205017.png,1917,1025,UNCLASSIFIED,NOT_REVIEWED
Screenshot 2026-10-04 205024.png,1917,1016,UNCLASSIFIED,NOT_REVIEWED
Screenshot 2026-10-04 205029.png,1917,1030,UNCLASSIFIED,NOT_REVIEWED
Screenshot 2026-10-04 205036.png,1917,1018,UNCLASSIFIED,NOT_REVIEWED
Screenshot 2026-10-04 205044.png,1917,1021,UNCLASSIFIED,NOT_REVIEWED
Screenshot 2026-10-04 205050.png,1917,1026,/reports overdue,CONTACT_SHEET_REVIEW_ONLY
Screenshot 2026-10-04 205056.png,1917,1012,UNCLASSIFIED,NOT_REVIEWED
Screenshot 2026-10-04 205102.png,1917,1016,UNCLASSIFIED,NOT_REVIEWED
Screenshot 2026-10-04 205108.png,1917,1022,UNCLASSIFIED,NOT_REVIEWED
Screenshot 2026-10-04 205112.png,1917,1026,UNCLASSIFIED,NOT_REVIEWED
Screenshot 2026-10-04 205118.png,1917,1031,UNCLASSIFIED,NOT_REVIEWED
Screenshot 2026-10-04 205124.png,1913,1017,UNCLASSIFIED,NOT_REVIEWED
Screenshot 2026-10-04 205132.png,1917,1012,UNCLASSIFIED,NOT_REVIEWED
Screenshot 2026-10-04 205141.png,1917,1017,UNCLASSIFIED,NOT_REVIEWED
Screenshot 2026-10-04 205152.png,1917,1027,UNCLASSIFIED,NOT_REVIEWED
Screenshot 2026-10-04 205157.png,1917,1022,UNCLASSIFIED,NOT_REVIEWED
Screenshot 2026-10-04 205202.png,1917,1020,UNCLASSIFIED,NOT_REVIEWED
Screenshot 2026-10-04 205207.png,1917,1032,UNCLASSIFIED,NOT_REVIEWED
Screenshot 2026-10-04 205213.png,1917,1031,/reports cheque,CONTACT_SHEET_REVIEW_ONLY
Screenshot 2026-10-04 205227.png,1917,1036,UNCLASSIFIED,NOT_REVIEWED
Screenshot 2026-10-04 205233.png,1917,1022,UNCLASSIFIED,NOT_REVIEWED
Screenshot 2026-10-04 205238.png,1917,1022,UNCLASSIFIED,NOT_REVIEWED
Screenshot 2026-10-04 205247.png,1917,1021,UNCLASSIFIED,NOT_REVIEWED
Screenshot 2026-10-04 205257.png,1917,1022,UNCLASSIFIED,NOT_REVIEWED
Screenshot 2026-10-04 205305.png,1917,1022,UNCLASSIFIED,NOT_REVIEWED
Screenshot 2026-10-04 205309.png,1916,1025,UNCLASSIFIED,NOT_REVIEWED
Screenshot 2026-10-04 205313.png,1917,1015,UNCLASSIFIED,NOT_REVIEWED
Screenshot 2026-10-04 205317.png,1917,1022,UNCLASSIFIED,NOT_REVIEWED
Screenshot 2026-10-04 205321.png,1907,1027,UNCLASSIFIED,NOT_REVIEWED
Screenshot 2026-10-04 205346.png,1916,1027,UNCLASSIFIED,NOT_REVIEWED
Screenshot 2026-10-04 205353.png,1917,1022,UNCLASSIFIED,NOT_REVIEWED
Screenshot 2026-10-04 205358.png,1917,1028,/settings email,CONTACT_SHEET_REVIEW_ONLY
Screenshot 2026-10-04 205407.png,1917,1021,UNCLASSIFIED,NOT_REVIEWED
Screenshot 2026-10-04 205415.png,1917,1022,UNCLASSIFIED,NOT_REVIEWED
Screenshot 2026-10-04 205425.png,1917,1031,UNCLASSIFIED,NOT_REVIEWED
Screenshot 2026-10-04 205447.png,1917,1023,UNCLASSIFIED,NOT_REVIEWED
Screenshot 2026-10-04 205459.png,1917,1025,UNCLASSIFIED,NOT_REVIEWED
Screenshot 2026-10-04 205507.png,1917,1017,UNCLASSIFIED,NOT_REVIEWED
Screenshot 2026-10-04 205536.png,1917,1028,UNCLASSIFIED,NOT_REVIEWED
Screenshot 2026-10-04 205546.png,1917,1026,UNCLASSIFIED,NOT_REVIEWED
Screenshot 2026-10-04 205555.png,1917,1023,UNCLASSIFIED,NOT_REVIEWED
Screenshot 2026-10-04 205602.png,1917,1035,UNCLASSIFIED,NOT_REVIEWED
Screenshot 2026-10-04 205606.png,1917,1022,UNCLASSIFIED,NOT_REVIEWED
Screenshot 2026-10-04 205614.png,1911,1027,UNCLASSIFIED,NOT_REVIEWED
Screenshot 2026-10-04 205622.png,1913,1022,/feedback,CONTACT_SHEET_REVIEW_ONLY
Screenshot 2026-10-04 205628.png,1917,1031,UNCLASSIFIED,NOT_REVIEWED
Screenshot 2026-10-04 205639.png,1917,1012,UNCLASSIFIED,NOT_REVIEWED
Screenshot 2026-10-04 205643.png,1917,1018,UNCLASSIFIED,NOT_REVIEWED
Screenshot 2026-10-04 205702.png,1917,1022,UNCLASSIFIED,NOT_REVIEWED
Screenshot 2026-10-04 205716.png,1917,1023,UNCLASSIFIED,NOT_REVIEWED
Screenshot 2026-10-04 205738.png,1917,1022,UNCLASSIFIED,NOT_REVIEWED
Screenshot 2026-10-04 205744.png,1917,1030,UNCLASSIFIED,NOT_REVIEWED
Screenshot 2026-10-04 205748.png,1915,1031,UNCLASSIFIED,NOT_REVIEWED
Screenshot 2026-10-04 205752.png,1917,1032,UNCLASSIFIED,NOT_REVIEWED
Screenshot 2026-10-04 205803.png,1917,1035,UNCLASSIFIED,NOT_REVIEWED
Screenshot 2026-10-04 205835.png,991,176,UNCLASSIFIED,NOT_REVIEWED
Screenshot 2026-10-04 205909.png,1917,1020,UNCLASSIFIED,NOT_REVIEWED
Screenshot 2026-10-04 205920.png,1917,1031,Printed delivery note,CONTACT_SHEET_REVIEW_ONLY
Screenshot 2026-10-04 205937.png,1917,1011,UNCLASSIFIED,NOT_REVIEWED
Screenshot 2026-10-04 205945.png,1917,1032,UNCLASSIFIED,NOT_REVIEWED
Screenshot 2026-10-04 205953.png,1917,1035,UNCLASSIFIED,NOT_REVIEWED
Screenshot 2026-10-04 210011.png,1917,1037,UNCLASSIFIED,NOT_REVIEWED
Screenshot 2026-10-04 210042.png,1917,1023,UNCLASSIFIED,NOT_REVIEWED
Screenshot 2026-10-04 210325.png,480,640,UNCLASSIFIED,NOT_REVIEWED
Screenshot 2026-10-04 210332.png,485,645,UNCLASSIFIED,NOT_REVIEWED
Screenshot 2026-10-04 210344.png,940,811,UNCLASSIFIED,NOT_REVIEWED
Screenshot 2026-10-04 210356.png,920,761,UNCLASSIFIED,NOT_REVIEWED
Screenshot 2026-10-04 210403.png,925,778,UNCLASSIFIED,NOT_REVIEWED
Screenshot 2026-10-04 210415.png,771,762,UNCLASSIFIED,NOT_REVIEWED
Screenshot 2026-10-04 210423.png,582,682,UNCLASSIFIED,NOT_REVIEWED
Screenshot 2026-10-04 210427.png,812,822,/ledger (reference screenshot embedded in notes),CONTACT_SHEET_REVIEW_ONLY
Screenshot 2026-10-04 210446.png,682,738,UNCLASSIFIED,NOT_REVIEWED
Screenshot 2026-10-04 210458.png,777,752,UNCLASSIFIED,NOT_REVIEWED
Screenshot 2026-10-04 210507.png,757,822,UNCLASSIFIED,NOT_REVIEWED
Screenshot 2026-10-04 210512.png,830,752,UNCLASSIFIED,NOT_REVIEWED
Screenshot 2026-10-04 210519.png,827,786,UNCLASSIFIED,NOT_REVIEWED
Screenshot 2026-10-04 210526.png,1125,868,UNCLASSIFIED,NOT_REVIEWED
Screenshot 2026-10-04 210544.png,805,783,UNCLASSIFIED,NOT_REVIEWED
Screenshot 2026-10-04 210549.png,791,746,UNCLASSIFIED,NOT_REVIEWED
Screenshot 2026-10-04 210553.png,852,772,UNCLASSIFIED,NOT_REVIEWED
Screenshot 2026-10-04 210557.png,876,762,UNCLASSIFIED,NOT_REVIEWED
Screenshot 2026-10-04 210603.png,823,787,UNCLASSIFIED,NOT_REVIEWED
Screenshot 2026-10-04 210614.png,963,887,UNCLASSIFIED,NOT_REVIEWED
Screenshot 2026-10-04 210633.png,795,793,UNCLASSIFIED,NOT_REVIEWED
Screenshot 2026-10-04 210650.png,802,816,UNCLASSIFIED,NOT_REVIEWED
Screenshot 2026-10-04 210654.png,832,815,UNCLASSIFIED,NOT_REVIEWED
Screenshot 2026-10-04 210659.png,795,842,UNCLASSIFIED,NOT_REVIEWED
Screenshot 2026-10-04 210703.png,857,833,UNCLASSIFIED,NOT_REVIEWED
Screenshot 2026-10-04 210708.png,830,788,UNCLASSIFIED,NOT_REVIEWED
Screenshot 2026-10-04 210718.png,792,802,UNCLASSIFIED,NOT_REVIEWED
Screenshot 2026-10-04 210724.png,877,808,UNCLASSIFIED,NOT_REVIEWED
Screenshot 2026-10-04 210734.png,942,878,UNCLASSIFIED,NOT_REVIEWED
Screenshot 2026-10-04 210739.png,855,833,UNCLASSIFIED,NOT_REVIEWED
Screenshot 2026-10-04 210743.png,778,812,UNCLASSIFIED,NOT_REVIEWED
Screenshot 2026-10-04 210750.png,787,832,UNCLASSIFIED,NOT_REVIEWED
Screenshot 2026-10-04 210755.png,748,806,UNCLASSIFIED,NOT_REVIEWED
Screenshot 2026-10-04 210801.png,790,806,UNCLASSIFIED,NOT_REVIEWED
Screenshot 2026-10-04 210806.png,665,868,UNCLASSIFIED,NOT_REVIEWED
Screenshot 2026-10-04 210810.png,848,828,UNCLASSIFIED,NOT_REVIEWED
Screenshot 2026-10-04 210814.png,730,835,UNCLASSIFIED,NOT_REVIEWED
Screenshot 2026-10-04 210818.png,836,822,UNCLASSIFIED,NOT_REVIEWED
Screenshot 2026-10-04 210821.png,857,930,UNCLASSIFIED,NOT_REVIEWED
